﻿<?xml version="1.0" encoding="utf-8"?>
<Manifest version="1.0.7.3">
  <CheckInterval>300</CheckInterval>
  <RemoteConfigUri><![CDATA[https://drive.google.com/u/0/uc?id=1hkYGQ11SrBuWEQERxi2ke_4sYqkEWY-8&export=download&confirm=t&uuid=58cd8c26-1ff6-487f-88dc-d364e08253aa&at=ALgDtswqydLyEL5Fu6XjXnmzz_ao:1675194791340]]></RemoteConfigUri>
  <SecurityToken>D68EF3A7-E787-4CC4-B020-878BA649B4CD</SecurityToken>
  <BaseUri><![CDATA[https://drive.google.com/u/0/uc?id=1Y7QNZOFm1cymlb9tEMFZwm_gb2s6eNxh&export=download]]></BaseUri>
  <Payload>BMT-update-65193.zip</Payload>
</Manifest>